local_prefix,local_code,main_unit,main_type,main_min,mai_max,main_avg,all_units(facts),all_types(facts),all_min(facts),all_max(facts),all_avg(facts),vocabulary,mapped_to_code,mapped_to_description,mapped_to_unit,mapped_to_type
ES_HM_LABCODE,ACLCR___ACLCR,mL/min,N,-0.400000,816.960000,66.7590942106388,mL/min(4681),N(4681),-0.400000(4681),816.960000(4681),66.7590942106388(4681),LOINC,33558-8,Creatinine renal clearance in Urine and Serum or Plasma collected for unspecified duration,,Qn
ES_HM_LABCODE,ACLCRPEDI___ACLCRPEDI,mL/min,N,25.770000,12800.900000,211.263559322034,mL/min(295);mL/min(3),N(295);T(3),25.770000(295);null(3),12800.900000(295);null(3),211.263559322034(295);null(3),LOINC,33558-8,Creatinine renal clearance in Urine and Serum or Plasma collected for unspecified duration,,Qn
ES_HM_LABCODE,AFC1___AFC1,%,N,76.000000,150.000000,111.245454545455,%(110),N(110),76.000000(110),150.000000(110),111.245454545455(110),LOINC,48494-9,Complement C1 esterase inhibitor actual/normal in Serum or Plasma,%,Qn
ES_HM_LABCODE,AFP___AFP,ng/mL,N,0.600000,367454.000000,374.566929069956,ng/mL(6161),N(6161),0.600000(6161),367454.000000(6161),374.566929069956(6161),LOINC,53962-7,Alpha-1-fetoprotein.tumor marker [Mass/volume] in Serum or Plasma,ug/L;ng/mL,Qn
ES_HM_LABCODE,AGVIAB___AGVIAB,null,N,0.000000,1.000000,0.0733590733590734,null(1554),N(1554),0.000000(1554),1.000000(1554),0.0733590733590734(1554),LOINC,24015-0,Influenza virus A+B Ag [Presence] in Specimen,,Ord
ES_HM_LABCODE,ALB___ALB,g/dL,N,0.000000,126.100000,3.30153497992642,g/dL(131018),N(131018),0.000000(131018),126.100000(131018),3.30153497992642(131018),LOINC,1751-7,Albumin [Mass/volume] in Serum or Plasma,g/L;g/dL; mg/dL,Qn
ES_HM_LABCODE,ALBL___ALBL,g/dL,N,0.010000,66.000000,1.76805168986084,g/dL(503),N(503),0.010000(503),66.000000(503),1.76805168986084(503),LOINC,1747-5,Albumin [Mass/volume] in Body fluid,g/L;g/dL,Qn
ES_HM_LABCODE,ALBLCR___ALBLCR,mg/dL,N,0.200000,229.500000,26.7231343283582,mg/dL(134);mg/dL(1),N(134);T(1),0.200000(134);null(1),229.500000(134);null(1),26.7231343283582(134);null(1),LOINC,1746-7,Albumin [Mass/volume] in Cerebral spinal fluid,g/L;mg/dL,Qn
ES_HM_LABCODE,AMI___AMI,U/L,N,0.000000,60764.800000,90.9915380218799,U/L(111975),N(111975),0.000000(111975),60764.800000(111975),90.9915380218799(111975),LOINC,76630-3,Amylase [Enzymatic activity/volume] in Blood,arb U/L,Qn
ES_HM_LABCODE,AMO___AMO,umol/L,N,0.200000,1515.000000,62.4576586325627,umol/L(2033);umol/L(5),N(2033);T(5),0.200000(2033);null(5),1515.000000(2033);null(5),62.4576586325627(2033);null(5),LOINC,1839-0,Ammonia [Moles/volume] in Blood,umol/L,Qn
ES_HM_LABCODE,ANTIVRSG___ANTIVRSG,null,N,1.310000,1.910000,1.628,null(5),N(5),1.310000(5),1.910000(5),1.628(5),LOINC,41012-6,Respiratory syncytial virus IgG Ab [Presence] in Serum,,Ord
ES_HM_LABCODE,ANTIVRSM___ANTIVRSM,null,N,0.000000,0.000000,0,null(5),N(5),0.000000(5),0.000000(5),0(5),LOINC,69962-9,Respiratory syncytial virus IgM Ab [Presence] in Serum by Immunoassay,,Ord
ES_HM_LABCODE,AP___AP,%,N,1.020000,301.000000,80.4292068631723,%(383263);%(22);null(1),N(383263);T(22);T(1),1.020000(383263);null(22);null(1),301.000000(383263);null(22);null(1),80.4292068631723(383263);null(22);null(1),LOINC,3289-6,Prothrombin activity actual/normal in Platelet poor plasma by Coagulation assay,%,Qn
ES_HM_LABCODE,APTT___APTT,s,N,7.000000,300.000000,30.9790181589301,s(360649);s(107);null(9),N(360649);T(107);T(9),7.000000(360649);null(107);null(9),300.000000(360649);null(107);null(9),30.9790181589301(360649);null(107);null(9),LOINC,3173-2,aPTT in Blood by Coagulation assay,s,Qn
ES_HM_LABCODE,AU___AU,mg/dL,N,0.000000,33.500000,5.05423147596345,mg/dL(80544);mg/dL(2),N(80544);T(2),0.000000(80544);null(2),33.500000(80544);null(2),5.05423147596345(80544);null(2),LOINC,3084-1,Urate [Mass/volume] in Serum or Plasma,mg/dL,Qn
ES_HM_LABCODE,AU24___AU24,g/(24.h),N,0.020000,40.860000,1.14724137931034,g/(24.h)(58),N(58),0.020000(58),40.860000(58),1.14724137931034(58),LOINC,3087-4,Urate [Mass/time] in 24 hour Urine,g/24 H,Qn
ES_HM_LABCODE,AU24C___AU24C,mg/dL,N,3.600000,1134.940000,48.996724137931,mg/dL(58),N(58),3.600000(58),1134.940000(58),48.996724137931(58),LOINC,21587-1,Urate [Mass/volume] in 24 hour Urine,mg/dL; mg/L,Qn
ES_HM_LABCODE,AUOR___AUOR,mg/dL,N,2.200000,178.950000,44.1578481012658,mg/dL(79),N(79),2.200000(79),178.950000(79),44.1578481012658(79),LOINC,3086-6,Urate [Mass/volume] in Urine,mg/dL,Qn
ES_HM_LABCODE,BD___BD,mg/dL,N,0.000000,236.400000,0.97510562239992,mg/dL(160572);mg/dL(19);null(2),N(160572);T(19);T(2),0.000000(160572);null(19);null(2),236.400000(160572);null(19);null(2),0.97510562239992(160572);null(19);null(2),LOINC,1968-7,Bilirubin.direct [Mass/volume] in Serum or Plasma,mg/dL,Qn
ES_HM_LABCODE,BHCG___BHCG,m[IU]/mL,N,0.100000,7905000.000000,6094.17564212789,m[IU]/mL(1861),N(1861),0.100000(1861),7905000.000000(1861),6094.17564212789(1861),LOINC,21198-7,Choriogonadotropin.beta subunit [Units/volume] in Serum or Plasma,IU/L; mU/mL,Qn
ES_HM_LABCODE,BNP___BNP,pg/mL,N,10.000000,3209.900000,289.889473684211,pg/mL(57),N(57),10.000000(57),3209.900000(57),289.889473684211(57),LOINC,30934-4,Natriuretic peptide B [Mass/volume] in Serum or Plasma,ng/L;pg/mL,Qn
ES_HM_LABCODE,BT___BT,mg/dL,N,0.040000,68.410000,1.47873289466953,mg/dL(312768);null(1),N(312768);N(1),0.040000(312768);0.000000(1),68.410000(312768);0.000000(1),1.47873289466953(312768);0(1),LOINC,42719-5,Bilirubin.total [Mass/volume] in Blood,mg/dL,Qn
ES_HM_LABCODE,BTL___BTL,mg/dL,N,0.010000,27635.000000,37.6997902494331,mg/dL(1764);mg/dL(2),N(1764);T(2),0.010000(1764);null(2),27635.000000(1764);null(2),37.6997902494331(1764);null(2),LOINC,1974-5,Bilirubin.total [Mass/volume] in Body fluid,mg/dL,Qn
ES_HM_LABCODE,C1EST___C1EST,mg/dL,N,19.000000,57.000000,35.2884615384615,mg/dL(104),N(104),19.000000(104),57.000000(104),35.2884615384615(104),LOINC,36906-6,Complement C1 esterase inhibitor [Mass/volume] in Body fluid,mg/dL,Qn
ES_HM_LABCODE,CA___CA,mg/dL,N,0.000000,22.100000,8.65844953173777,mg/dL(154721);mg/dL(7);null(2),N(154721);T(7);T(2),0.000000(154721);null(7);null(2),22.100000(154721);null(7);null(2),8.65844953173777(154721);null(7);null(2),LOINC,49765-1,Calcium [Mass/volume] in Blood,mg/dL,Qn
ES_HM_LABCODE,CA++___CA++,mg/dL,N,0.300000,18.880000,4.5016995097276,mg/dL(263323);mg/dL(6),N(263323);T(6),0.300000(263323);null(6),18.880000(263323);null(6),4.5016995097276(263323);null(6),LOINC,38230-9,Calcium.ionized [Mass/volume] in Blood,mg/dL,Qn
ES_HM_LABCODE,CA153___CA153,[IU]/mL,N,1.500000,7669.000000,60.5151794598436,[IU]/mL(5628),N(5628),1.500000(5628),7669.000000(5628),60.5151794598436(5628),LOINC,6875-9,Cancer Ag 15-3 [Units/volume] in Serum or Plasma,arb U/mL,Qn
ES_HM_LABCODE,CA199___CA199,[IU]/mL,N,0.600000,245440.000000,524.624476935384,[IU]/mL(11251),N(11251),0.600000(11251),245440.000000(11251),524.624476935384(11251),LOINC,24108-3,Cancer Ag 19-9 [Units/volume] in Serum or Plasma,kIU/L;units/mL,Qn
ES_HM_LABCODE,CALCI___CALCI,pg/mL,N,1.000000,2000.000000,130.922025316456,pg/mL(79),N(79),1.000000(79),2000.000000(79),130.922025316456(79),LOINC,47369-4,Calcitonin [Mass/volume] in Body fluid,pg/mL,Qn
ES_HM_LABCODE,CALPRO___CALPRO,mg/kg,N,0.770000,7365.000000,1006.00875466999,mg/kg(803),N(803),0.770000(803),7365.000000(803),1006.00875466999(803),LOINC,38445-3,Calprotectin [Mass/mass] in Stool,ug/g,Qn
ES_HM_LABCODE,CD34___CD34,{cells}/uL,N,0.000000,10871.100000,761.194842406877,{cells}/uL(349);{cells}/uL(1),N(349);T(1),0.000000(349);null(1),10871.100000(349);null(1),761.194842406877(349);null(1),LOINC,14136-6,CD34 cells [#/volume] in Blood,/uL,Qn
ES_HM_LABCODE,CD4___CD4,{cells}/mm3,N,0.000000,37148.310000,1028.91408071749,{cells}/mm3(223),N(223),0.000000(223),37148.310000(223),1028.91408071749(223),LOINC,32515-9,CD3+CD4+ (T4 helper) cells [#/volume] in Specimen,cells/uL,Qn
ES_HM_LABCODE,CD4-CD8___CD4-CD8,null,N,0.000000,75.300000,1.99374753451677,null(507),N(507),0.000000(507),75.300000(507),1.99374753451677(507),LOINC,17146-2,CD4+CD8+ cells/100 cells in Blood,%,Qn
ES_HM_LABCODE,CD4P___CD4P,%,N,0.000000,97.900000,41.5761481481481,%(540);%(1),N(540);T(1),0.000000(540);null(1),97.900000(540);null(1),41.5761481481481(540);null(1),LOINC,80223-1,CD4 cells/100 lymphocytes in Specimen,%,Qn
ES_HM_LABCODE,CD8P___CD8P,%,N,0.000000,100.000000,39.3866279069767,%(516);%(1),N(516);T(1),0.000000(516);null(1),100.000000(516);null(1),39.3866279069767(516);null(1),LOINC,80222-3,CD8 cells/100 lymphocytes in Specimen,%,Qn
ES_HM_LABCODE,CEA___CEA,ng/mL,N,0.200000,47371.000000,85.562539615167,ng/mL(14136),N(14136),0.200000(14136),47371.000000(14136),85.562539615167(14136),LOINC,2039-6,Carcinoembryonic Ag [Mass/volume] in Serum or Plasma,ug/L;ng/mL,Qn
ES_HM_LABCODE,CK___CK,U/L,N,0.900000,220860.000000,388.032309281514,U/L(97775);null(1);U/L(1),N(97775);T(1);T(1),0.900000(97775);null(1);null(1),220860.000000(97775);null(1);null(1),388.032309281514(97775);null(1);null(1),LOINC,2157-6,Creatine kinase [Enzymatic activity/volume] in Serum or Plasma,arb U/L,Qn
ES_HM_LABCODE,CKMB___CKMB,U/L,N,-122.100000,3265.300000,37.8670435017928,U/L(29562);U/L(12);null(1),N(29562);T(12);T(1),-122.100000(29562);null(12);null(1),3265.300000(29562);null(12);null(1),37.8670435017928(29562);null(12);null(1),LOINC,32673-6,Creatine kinase.MB [Enzymatic activity/volume] in Serum or Plasma,arb U/L,Qn
ES_HM_LABCODE,CL___CL,mmol/L,N,20.000000,155.200000,103.404028714206,mmol/L(214319);mmol/L(1),N(214319);T(1),20.000000(214319);null(1),155.200000(214319);null(1),103.404028714206(214319);null(1),LOINC,2069-3,Chloride [Moles/volume] in Blood,mmol/L,Qn
ES_HM_LABCODE,CLOSD___CLOSD,null,N,0.000000,1.000000,0.0546957608382197,null(10403);null(35),N(10403);T(35),0.000000(10403);null(35),1.000000(10403);null(35),0.0546957608382197(10403);null(35),LOINC,34713-8,Clostridioides difficile toxin A+B [Presence] in Stool,,Ord
ES_HM_LABCODE,COL___COL,mg/dL,N,2.000000,8703.000000,156.664678467789,mg/dL(34460),N(34460),2.000000(34460),8703.000000(34460),156.664678467789(34460),LOINC,2093-3,Cholesterol [Mass/volume] in Serum or Plasma,mg/dL,Qn
ES_HM_LABCODE,COLL___COLL,mg/dL,N,1.000000,3110.000000,74.588097826087,mg/dL(184),N(184),1.000000(184),3110.000000(184),74.588097826087(184),LOINC,12183-0,Cholesterol [Mass/volume] in Body fluid,mg/dL,Qn
ES_HM_LABCODE,CONFAG___CONFAG,null,N,0.000000,1.000000,0.923076923076923,null(52);null(5),N(52);T(5),0.000000(52);null(5),1.000000(52);null(5),0.923076923076923(52);null(5),LOINC,65633-0,Hepatitis B virus surface Ag [Presence] in Serum or Plasma by Confirmatory method,,Ord
ES_HM_LABCODE,COREG___COREG,null,N,0.000000,10.000000,1.22,null(66);null(2),N(66);T(2),0.000000(66);null(2),10.000000(66);null(2),1.22(66);null(2),LOINC,32685-0,Hepatitis B virus core IgG Ab [Presence] in Serum,,Ord
ES_HM_LABCODE,COREM___COREM,{IC},N,0.000000,44.960000,0.0374101716600917,{IC}(9379);{IC}(4),N(9379);T(4),0.000000(9379);null(4),44.960000(9379);null(4),0.0374101716600917(9379);null(4),LOINC,22319-8,Hepatitis B virus core IgM Ab [Units/volume] in Serum,,Qn
ES_HM_LABCODE,CORET___CORET,{IC},N,0.000000,0.890000,0.0126802030456853,{IC}(985);{IC}(12),N(985);T(12),0.000000(985);null(12),0.890000(985);null(12),0.0126802030456853(985);null(12),LOINC,22316-4,Hepatitis B virus core Ab [Units/volume] in Serum,,Qn
ES_HM_LABCODE,CORT___CORT,ug/dL,N,0.050000,634.000000,15.4623933572126,ug/dL(3071);ug/dL(1),N(3071);T(1),0.050000(3071);null(1),634.000000(3071);null(1),15.4623933572126(3071);null(1),LOINC,2143-6,Cortisol [Mass/volume] in Serum or Plasma,ug/dL,Qn
ES_HM_LABCODE,CREA___CREA,mg/dL,N,0.020000,116.550000,1.00038760656237,mg/dL(577596);mg/dL(1),N(577596);T(1),0.020000(577596);null(1),116.550000(577596);null(1),1.00038760656237(577596);null(1),LOINC,38483-4,Creatinine [Mass/volume] in Blood,mg/dL,Qn
ES_HM_LABCODE,CREA24___CREA24,mg/(24.h),N,0.320000,8328.700000,961.689930846605,mg/(24.h)(4772),N(4772),0.320000(4772),8328.700000(4772),961.689930846605(4772),LOINC,2162-6,Creatinine [Mass/time] in 24 hour Urine,g/24 H,Qn
ES_HM_LABCODE,CREA24C___CREA24C,mg/dL,N,0.080000,605.000000,57.6994762748573,mg/dL(5079),N(5079),0.080000(5079),605.000000(5079),57.6994762748573(5079),LOINC,20624-3,Creatinine [Mass/volume] in 24 hour Urine,g/L; mcg/mL; mg/dL; mg/mL,Qn
ES_HM_LABCODE,CREAL___CREAL,mg/dL,N,-0.010000,146.700000,7.51150458715596,mg/dL(545);mg/dL(1),N(545);T(1),-0.010000(545);null(1),146.700000(545);null(1),7.51150458715596(545);null(1),LOINC,12190-5,Creatinine [Mass/volume] in Body fluid,mg/dL,Qn
ES_HM_LABCODE,CREAOR___CREAOR,mg/dL,N,0.100000,475.000000,67.1423405103668,mg/dL(2508);null(1),N(2508);T(1),0.100000(2508);null(1),475.000000(2508);null(1),67.1423405103668(2508);null(1),LOINC,2161-8,Creatinine [Mass/volume] in Urine,g/L; mcg/mL; mg/dL; mg/mL,Qn
ES_HM_LABCODE,CRIOGLO___CRIOGLO,null,N,0.000000,1.000000,0.037037037037037,null(378),N(378),0.000000(378),1.000000(378),0.037037037037037(378),LOINC,5117-7,Cryoglobulin [Presence] in Serum,,Ord
ES_HM_LABCODE,CROMFI___CROMFI,null,T,null,null,null,null(92);null(9),T(92);N(9),null(92);0.000000(9),null(92);1.000000(9),null(92);0.111111111111111(9),LOINC,21821-4,"t(9;22)(q34.1;q11)(ABL1,BCR) fusion transcript [Presence] in Blood or Tissue by Molecular genetics method",,Ord
ES_HM_LABCODE,CULT___CULT,null,N,0.000000,0.000000,0,null(489);null(214),N(489);T(214),0.000000(489);null(214),0.000000(489);null(214),0(489);null(214),LOINC,11475-1,Microorganism identified in Specimen by Culture,,Nom
ES_HM_LABCODE,CVHB___CVHB,[IU]/mL,N,0.000000,0.000000,0,[IU]/mL(87);[IU]/mL(24),N(87);T(24),0.000000(87);null(24),0.000000(87);null(24),0(87);null(24),LOINC,49360-1,Hepatitis B virus DNA [Units/volume] (viral load) in Specimen by NAA with probe detection,IU/mL,Qn
ES_HM_LABCODE,EOSL___EOSL,null,N,0.000000,0.000000,0,null(4);null(1),N(4);T(1),0.000000(4);null(1),0.000000(4);null(1),0(4);null(1),LOINC,60520-4,Eosinophils [Presence] in Body fluid by Light microscopy,,Ord
ES_HM_LABCODE,FA___FA,U/L,N,0.000000,18408.000000,150.969462223357,U/L(219236);U/L(1),N(219236);T(1),0.000000(219236);null(1),18408.000000(219236);null(1),150.969462223357(219236);null(1),LOINC,1783-0,Alkaline phosphatase [Enzymatic activity/volume] in Blood,arb U/L,Qn
ES_HM_LABCODE,FE___FE,ug/dL,N,1.000000,1024.000000,63.5396296604297,ug/dL(36075);ug/dL(2),N(36075);T(2),1.000000(36075);null(2),1024.000000(36075);null(2),63.5396296604297(36075);null(2),LOINC,2498-4,Iron [Mass/volume] in Serum or Plasma,ug/L,Qn
ES_HM_LABCODE,FER___FER,ng/mL,N,0.000000,73142.000000,608.096918324258,ng/mL(44995);ng/mL(2),N(44995);T(2),0.000000(44995);null(2),73142.000000(44995);null(2),608.096918324258(44995);null(2),LOINC,24373-3,Ferritin [Mass/volume] in Blood,ng/mL,Qn
ES_HM_LABCODE,FGLO___FGLO,mL/min/((173/100).m2),N,4.000000,363.160000,60.7030739514349,mL/min/((173/100).m2)(1812),N(1812),4.000000(1812),363.160000(1812),60.7030739514349(1812),LOINC,69405-9,"Glomerular filtration rate/1.73 sq M.predicted [Volume Rate/Area] in Serum, Plasma or Blood",mL/min,Qn
ES_HM_LABCODE,FIB___FIB,mg/dL,N,49.000000,2366.000000,546.978291455709,mg/dL(191192);mg/dL(19);null(1),N(191192);T(19);T(1),49.000000(191192);null(19);null(1),2366.000000(191192);null(19);null(1),546.978291455709(191192);null(19);null(1),LOINC,3255-7,Fibrinogen [Mass/volume] in Platelet poor plasma by Coagulation assay,g/L;mg/dL,Qn
ES_HM_LABCODE,FOL___FOL,ng/mL,N,0.600000,646.000000,8.17018652321991,ng/mL(31417),N(31417),0.600000(31417),646.000000(31417),8.17018652321991(31417),LOINC,2282-2,Folate [Mass/volume] in Blood,ng/mL,Qn
ES_HM_LABCODE,FOS___FOS,mg/dL,N,0.100000,32.800000,3.55767040682064,mg/dL(205963);mg/dL(4),N(205963);T(4),0.100000(205963);null(4),32.800000(205963);null(4),3.55767040682064(205963);null(4),LOINC,2774-8,Phosphate [Mass/volume] in Blood,mg/dL,Qn
ES_HM_LABCODE,FR___FR,[IU]/mL,N,0.000000,1005.500000,17.1298107539802,[IU]/mL(3329),N(3329),0.000000(3329),1005.500000(3329),17.1298107539802(3329),LOINC,11572-5,Rheumatoid factor [Units/volume] in Serum or Plasma,IU/mL;units/mL,Qn
ES_HM_LABCODE,FSH___FSH,m[IU]/mL,N,0.100000,157.000000,17.2479130434783,m[IU]/mL(460),N(460),0.100000(460),157.000000(460),17.2479130434783(460),LOINC,15067-2,Follitropin [Units/volume] in Serum or Plasma,IU/L;mIU/mL,Qn
ES_HM_LABCODE,G100120___G100120,mg/dL,N,178.000000,178.000000,178,mg/dL(1),N(1),178.000000(1),178.000000(1),178(1),LOINC,1514-9,Glucose [Mass/volume] in Serum or Plasma --2 hours post 100 g glucose PO,mg/dL,Qn
ES_HM_LABCODE,G10060___G10060,mg/dL,N,178.000000,178.000000,178,mg/dL(1),N(1),178.000000(1),178.000000(1),178(1),LOINC,1501-6,Glucose [Mass/volume] in Serum or Plasma --1 hour post 100 g glucose PO,mg/dL,Qn
ES_HM_LABCODE,GASART___BE(b),mmol/L,N,-33.190000,166.900000,1.6712733309674,mmol/L(166249);mmol/L(384),N(166249);T(384),-33.190000(166249);null(384),166.900000(166249);null(384),1.6712733309674(166249);null(384),LOINC,1925-7,Base excess in Arterial blood by calculation,mmol/L,Qn
ES_HM_LABCODE,GASART___BEecf,mmol/L,N,-47.800000,112.100000,2.02561549151109,mmol/L(165510);mmol/L(254),N(165510);T(254),-47.800000(165510);null(254),112.100000(165510);null(254),2.02561549151109(165510);null(254),LOINC,60840-6,Base excess in Extracellular fluid by calculation,mmol/L,Qn
ES_HM_LABCODE,GASART___GASART,null,T,null,null,null,null(3);null(3),T(3);N(3),null(3);7.450000(3),null(3);126.000000(3),null(3);73.8166666666667(3),LOINC,24336-0,Gas panel - Arterial blood,,Qn
ES_HM_LABCODE,GASART___HCO3,mmol/L,N,1.500000,4637.000000,26.7648063023558,mmol/L(165335);mmol/L(244),N(165335);T(244),1.500000(165335);null(244),4637.000000(165335);null(244),26.7648063023558(165335);null(244),LOINC,1960-4,Bicarbonate [Moles/volume] in Arterial blood,mmol/L,Qn
ES_HM_LABCODE,GASART___PCO2,mm[Hg],N,5.000000,558.000000,43.7874010739209,mm[Hg](160347);mm[Hg](226),N(160347);T(226),5.000000(160347);null(226),558.000000(160347);null(226),43.7874010739209(160347);null(226),LOINC,2019-8,Carbon dioxide [Partial pressure] in Arterial blood,mm Hg,Qn
ES_HM_LABCODE,GASART___PH,null,N,6.700000,7349.000000,7.44863462414863,null(160183);null(219),N(160183);T(219),6.700000(160183);null(219),7349.000000(160183);null(219),7.44863462414863(160183);null(219),LOINC,2744-1,pH of Arterial blood,pH,Qn
ES_HM_LABCODE,GASART___PO2,mm[Hg],N,0.000000,687.000000,105.251804604222,mm[Hg](167455);mm[Hg](219),N(167455);T(219),0.000000(167455);null(219),687.000000(167455);null(219),105.251804604222(167455);null(219),LOINC,2703-7,Oxygen [Partial pressure] in Arterial blood,mm Hg,Qn
ES_HM_LABCODE,GASART___SO2C,%,N,0.000000,995.000000,91.1779147161578,%(144834);%(274),N(144834);T(274),0.000000(144834);null(274),995.000000(144834);null(274),91.1779147161578(144834);null(274),LOINC,51733-4,Oxygen saturation Calculated from oxygen partial pressure in Arterial blood,%,Qn
ES_HM_LABCODE,GASART___TCO2,mmol/L,N,-25.100000,293.000000,28.1965476240901,mmol/L(165263);mmol/L(379),N(165263);T(379),-25.100000(165263);null(379),293.000000(165263);null(379),28.1965476240901(165263);null(379),LOINC,2026-3,"Carbon dioxide, total [Moles/volume] in Arterial blood",mmol/L,Qn
ES_HM_LABCODE,GASVEN___BE(b)V,mmol/L,N,-30.000000,53.700000,1.00862521445999,mmol/L(115989);mmol/L(3201),N(115989);T(3201),-30.000000(115989);null(3201),53.700000(115989);null(3201),1.00862521445999(115989);null(3201),LOINC,1927-3,Base excess in Venous blood by calculation,mmol/L,Qn
ES_HM_LABCODE,GASVEN___BEecfV,mmol/L,N,-35.000000,88.500000,1.38115780661365,mmol/L(119450);mmol/L(417),N(119450);T(417),-35.000000(119450);null(417),88.500000(119450);null(417),1.38115780661365(119450);null(417),LOINC,60840-6,Base excess in Extracellular fluid by calculation,mmol/L,Qn
ES_HM_LABCODE,GASVEN___GASVEN,null,N,7.280000,45.000000,16.7575,null(4),N(4),7.280000(4),45.000000(4),16.7575(4),LOINC,24339-4,Gas panel - Venous blood,,Qn
ES_HM_LABCODE,GASVEN___HCO3V,mmol/L,N,-17.900000,256.000000,26.168439279732,mmol/L(119400);mmol/L(504),N(119400);T(504),-17.900000(119400);null(504),256.000000(119400);null(504),26.168439279732(119400);null(504),LOINC,14627-4,Bicarbonate [Moles/volume] in Venous blood,mmol/L,Qn
ES_HM_LABCODE,GASVEN___PCO2V,mm[Hg],N,2.560000,466.000000,45.6471246338864,mm[Hg](119157);mm[Hg](392),N(119157);T(392),2.560000(119157);null(392),466.000000(119157);null(392),45.6471246338864(119157);null(392),LOINC,2021-4,Carbon dioxide [Partial pressure] in Venous blood,mm Hg,Qn
ES_HM_LABCODE,GASVEN___PHV,null,N,6.000000,7042.000000,7.43558074797951,null(118907);null(506),N(118907);T(506),6.000000(118907);null(506),7042.000000(118907);null(506),7.43558074797951(118907);null(506),LOINC,2746-6,pH of Venous blood,pH,Qn
ES_HM_LABCODE,GASVEN___PO2V,mm[Hg],N,0.000000,658.000000,47.8409213347628,mm[Hg](119392);mm[Hg](420),N(119392);T(420),0.000000(119392);null(420),658.000000(119392);null(420),47.8409213347628(119392);null(420),LOINC,2705-2,Oxygen [Partial pressure] in Venous blood,mm Hg,Qn
ES_HM_LABCODE,GASVEN___SO2CV,%,N,1.000000,6434.000000,70.1837948086126,%(119313);%(462),N(119313);T(462),1.000000(119313);null(462),6434.000000(119313);null(462),70.1837948086126(119313);null(462),LOINC,51731-8,Oxygen saturation Calculated from oxygen partial pressure in Venous blood,%,Qn
ES_HM_LABCODE,GASVEN___TCO2V,mmol/L,N,-24.200000,3502.000000,28.0649685572516,mmol/L(116084);mmol/L(3043),N(116084);T(3043),-24.200000(116084);null(3043),3502.000000(116084);null(3043),28.0649685572516(116084);null(3043),LOINC,2027-1,"Carbon dioxide, total [Moles/volume] in Venous blood",mmol/L,Qn
ES_HM_LABCODE,G-CORONAV___Resultado,null,N,0.000000,0.000000,0,null(25637);null(5285),N(25637);T(5285),0.000000(25637);null(5285),0.000000(25637);null(5285),0(25637);null(5285),LOINC,94309-2,SARS-CoV-2 (COVID-19) RNA [Presence] in Specimen by NAA with probe detection,,Ord
ES_HM_LABCODE,G-FIP1L1___Resultado,null,N,0.000000,0.000000,0,null(1),N(1),0.000000(1),0.000000(1),0(1),LOINC,55092-1,PDGFRA gene rearrangements [Presence] in Blood or Tissue by Molecular genetics method,,Ord
ES_HM_LABCODE,G-FISHDP53___Conclusion,null,N,0.000000,0.000000,0,null(222);null(51),N(222);T(51),0.000000(222);null(51),0.000000(222);null(51),0(222);null(51),LOINC,81746-0,Chromosome region 17p13.1 deletion in Blood or Tissue by FISH,,Doc
ES_HM_LABCODE,G-FISHIGH___Conclusion,null,T,null,null,null,null(104),T(104),null(104),null(104),null(104),LOINC,78221-9,IGH gene rearrangements [Presence] in Blood or Tissue by FISH,,Ord
ES_HM_LABCODE,G-FISHIN16___Conclusion,null,T,null,null,null,null(4),T(4),null(4),null(4),null(4),LOINC,77034-7,"inv(16)(p13.1;q22.1)(MYH11,CBFB) fusion transcript in Blood or Tissue by FISH",,Doc
ES_HM_LABCODE,G-FISHMLL___Conclusion,null,T,null,null,null,null(102),T(102),null(102),null(102),null(102),LOINC,78219-3,MLL gene rearrangements [Presence] in Blood or Tissue by FISH,,Ord
ES_HM_LABCODE,G-FISHT1416___Conclusion,null,N,0.000000,0.000000,0,null(7),N(7),0.000000(7),0.000000(7),0(7),LOINC,77033-9,"t(14;16)(q32;q23)(IGH,MAF) fusion transcript in Blood or Tissue by FISH",,Doc
ES_HM_LABCODE,G-FISHT1517___Conclusion,null,T,null,null,null,null(2),T(2),null(2),null(2),null(2),LOINC,77031-3,"t(15;17)(q24.1;q21.1)(PML,RARA) fusion transcript in Blood or Tissue by FISH",,Doc
ES_HM_LABCODE,G-FISHT1517M___Conclusion,null,T,null,null,null,null(12);null(8),T(12);N(8),null(12);0.000000(8),null(12);0.000000(8),null(12);0(8),LOINC,77031-3,"t(15;17)(q24.1;q21.1)(PML,RARA) fusion transcript in Blood or Tissue by FISH",,Doc
ES_HM_LABCODE,G-FISHT414___Conclusion,null,N,0.000000,0.000000,0,null(8),N(8),0.000000(8),0.000000(8),0(8),LOINC,72726-3,"t(4;14)(p16;q32)(FGFR3,IGH) fusion transcript [Identifier] in Blood or Tissue by FISH Nominal",,Nom
ES_HM_LABCODE,G-FISHT821___Conclusion,null,N,0.000000,0.000000,0,null(2),N(2),0.000000(2),0.000000(2),0(2),LOINC,77040-4,"t(8;21)(q22;q22.3)(RUNX1T1,RUNX1) fusion transcript in Blood or Tissue by FISH",,Doc
ES_HM_LABCODE,G-FLLC1___Conclusion,null,N,0.000000,0.000000,0,null(69);null(44),N(69);T(44),0.000000(69);null(44),0.000000(69);null(44),0(69);null(44),LOINC,21739-8,TP53 gene mutations found [Identifier] in Blood or Tissue by Molecular genetics method Nominal,,Nom
ES_HM_LABCODE,G-FLLC2___Conclusion,null,N,0.000000,0.000000,0,null(60);null(44),N(60);T(44),0.000000(60);null(44),0.000000(60);null(44),0(60);null(44),LOINC,72728-9,Del(13)(q14) [Identifier] in Blood or Tissue by FISH Nominal,,Nom
ES_HM_LABCODE,G-FLT3___Conclusion,null,T,null,null,null,null(8);null(5),T(8);N(5),null(8);0.000000(5),null(8);0.000000(5),null(8);0(5),LOINC,79210-1,FLT3 gene internal tandem duplication [Presence] in Blood or Tissue by Molecular genetics method,,Ord
ES_HM_LABCODE,G-FLT3___Estado,null,N,0.000000,0.000000,0,null(53);null(12),N(53);T(12),0.000000(53);null(12),0.000000(53);null(12),0(53);null(12),LOINC,79210-1,FLT3 gene internal tandem duplication [Presence] in Blood or Tissue by Molecular genetics method,,Ord
ES_HM_LABCODE,G-FLT3___Resultado,null,N,0.000000,0.000000,0,null(81);null(41),N(81);T(41),0.000000(81);null(41),0.000000(81);null(41),0(81);null(41),LOINC,79210-1,FLT3 gene internal tandem duplication [Presence] in Blood or Tissue by Molecular genetics method,,Ord
ES_HM_LABCODE,G-FLT3___Tecnica,null,T,null,null,null,null(120),T(120),null(120),null(120),null(120),LOINC,79210-1,FLT3 gene internal tandem duplication [Presence] in Blood or Tissue by Molecular genetics method,,Ord
ES_HM_LABCODE,G-FLT3___TpMues,null,T,null,null,null,null(118),T(118),null(118),null(118),null(118),LOINC,79210-1,FLT3 gene internal tandem duplication [Presence] in Blood or Tissue by Molecular genetics method,,Ord
ES_HM_LABCODE,GGT___GGT,U/L,N,-11.000000,7719.100000,146.270023454676,U/L(312944),N(312944),-11.000000(312944),7719.100000(312944),146.270023454676(312944),LOINC,2324-2,Gamma glutamyl transferase [Enzymatic activity/volume] in Serum or Plasma,arb U/L,Qn
ES_HM_LABCODE,GLU___GLU,mg/dL,N,1.800000,2181.700000,122.41783149016,mg/dL(524729);mg/dL(10);null(2),N(524729);T(10);T(2),1.800000(524729);null(10);null(2),2181.700000(524729);null(10);null(2),122.41783149016(524729);null(10);null(2),LOINC,2339-0,Glucose [Mass/volume] in Blood,mg/dL,Qn
ES_HM_LABCODE,GLU120___GLU120,mg/dL,N,110.000000,220.000000,156,mg/dL(6),N(6),110.000000(6),220.000000(6),156(6),LOINC,12610-2,Glucose [Mass/volume] in Serum or Plasma --2 hours post XXX challenge,mg/dL,Qn
ES_HM_LABCODE,GLU180___GLU180,mg/dL,N,92.000000,206.000000,133.875,mg/dL(8),N(8),92.000000(8),206.000000(8),133.875(8),LOINC,18342-6,Glucose [Mass/volume] in Serum or Plasma --3 hours post XXX challenge,mg/dL,Qn
ES_HM_LABCODE,GLU240___GLU240,mg/dL,N,95.000000,95.000000,95,mg/dL(1),N(1),95.000000(1),95.000000(1),95(1),LOINC,29330-8,Glucose [Mass/volume] in Serum or Plasma --4 hours post XXX challenge,mg/dL,Qn
ES_HM_LABCODE,GLU60___GLU60,mg/dL,N,99.000000,251.000000,170,mg/dL(6),N(6),99.000000(6),251.000000(6),170(6),LOINC,12646-6,Glucose [Mass/volume] in Serum or Plasma --1 hour post XXX challenge,mg/dL,Qn
ES_HM_LABCODE,GLU75120___GLU75120,mg/dL,N,84.000000,171.000000,128.333333333333,mg/dL(3),N(3),84.000000(3),171.000000(3),128.333333333333(3),LOINC,12610-2,Glucose [Mass/volume] in Serum or Plasma --2 hours post XXX challenge,mg/dL,Qn
ES_HM_LABCODE,GLU7560___GLU7560,mg/dL,N,101.000000,144.000000,121,mg/dL(3),N(3),101.000000(3),144.000000(3),121(3),LOINC,12646-6,Glucose [Mass/volume] in Serum or Plasma --1 hour post XXX challenge,mg/dL,Qn
ES_HM_LABCODE,GLUCOR24___GLUCOR24,g/(24.h),N,0.000000,70.840000,3.61625,g/(24.h)(56),N(56),0.000000(56),70.840000(56),3.61625(56),LOINC,2351-5,Glucose [Mass/time] in 24 hour Urine,g/24 H,Qn
ES_HM_LABCODE,GLUG___GLUG,mg/dL,N,10.000000,525.000000,126.622018348624,mg/dL(545),N(545),10.000000(545),525.000000(545),126.622018348624(545),LOINC,2339-0,Glucose [Mass/volume] in Blood,mg/dL,Qn
ES_HM_LABCODE,GLUL___GLUL,mg/dL,N,0.000000,7142.000000,105.732030941409,mg/dL(3038),N(3038),0.000000(3038),7142.000000(3038),105.732030941409(3038),LOINC,2344-0,Glucose [Mass/volume] in Body fluid,mg/dL,Qn
ES_HM_LABCODE,GLULCR___GLULCR,mg/dL,N,0.000000,258.000000,64.638814229249,mg/dL(3289),N(3289),0.000000(3289),258.000000(3289),64.638814229249(3289),LOINC,2342-4,Glucose [Mass/volume] in Cerebral spinal fluid,mg/dL,Qn
ES_HM_LABCODE,GLUOR___GLUOR,mg/dL,N,0.000000,9230.000000,101.248929679421,mg/dL(1934),N(1934),0.000000(1934),9230.000000(1934),101.248929679421(1934),LOINC,2350-7,Glucose [Mass/volume] in Urine,mg/dL,Qn
ES_HM_LABCODE,GLUOR24C___GLUOR24C,mg/dL,N,0.500000,4625.987000,211.405091935484,mg/dL(62),N(62),0.500000(62),4625.987000(62),211.405091935484(62),LOINC,21305-8,Glucose [Mass/volume] in 24 hour Urine,mg/L,Qn
ES_HM_LABCODE,GOT___GOT,U/L,N,-11.000000,24756.400000,53.7056941729037,U/L(348321);U/L(1),N(348321);T(1),-11.000000(348321);null(1),24756.400000(348321);null(1),53.7056941729037(348321);null(1),LOINC,1920-8,Aspartate aminotransferase [Enzymatic activity/volume] in Serum or Plasma,arb U/L,Qn
ES_HM_LABCODE,GPT___GPT,U/L,N,0.000000,17024.000000,56.6359278467822,U/L(333956);U/L(1),N(333956);T(1),0.000000(333956);null(1),17024.000000(333956);null(1),56.6359278467822(333956);null(1),LOINC,1742-6,Alanine aminotransferase [Enzymatic activity/volume] in Serum or Plasma,arb U/L,Qn
ES_HM_LABCODE,HBA1C___HBA1C,%,N,3.200000,17.900000,6.74902750871755,%(7743);%(3),N(7743);T(3),3.200000(7743);null(3),17.900000(7743);null(3),6.74902750871755(7743);null(3),LOINC,4548-4,Hemoglobin A1c/Hemoglobin.total in Blood,%,Qn
ES_HM_LABCODE,HDL___HDL,mg/dL,N,1.500000,588.000000,44.7968856536689,mg/dL(27338);null(1),N(27338);T(1),1.500000(27338);null(1),588.000000(27338);null(1),44.7968856536689(27338);null(1),LOINC,2085-9,Cholesterol in HDL [Mass/volume] in Serum or Plasma,mg/dL,Qn
ES_HM_LABCODE,HINFLUBG___HINFLUBG,ug/mL,N,0.110000,9.000000,3.18878048780488,ug/mL(41),N(41),0.110000(41),9.000000(41),3.18878048780488(41),LOINC,11256-5,Haemophilus influenzae B IgG Ab [Mass/volume] in Serum,ng/mL,Qn
ES_HM_LABCODE,HIVRNA___HIVRNA,null,N,0.000000,0.000000,0,null(26);null(5),N(26);T(5),0.000000(26);null(5),0.000000(26);null(5),0(26);null(5),LOINC,5018-7,HIV 1 RNA [Presence] in Specimen by NAA with probe detection,,Ord
ES_HM_LABCODE,IFLCR___IFLCR,null,N,0.000000,0.000000,0,null(334);null(178),N(334);T(178),0.000000(334);null(178),0.000000(334);null(178),0(334);null(178),LOINC,32358-4,Oligoclonal bands [Presence] in Cerebral spinal fluid,,Ord
ES_HM_LABCODE,IL10___IL10,pg/mL,N,2.000000,120.900000,33.05,pg/mL(4),N(4),2.000000(4),120.900000(4),33.05(4),LOINC,49733-9,Interleukin 10 [Mass/volume] in Body fluid,pg/mL,Qn
ES_HM_LABCODE,IL6___IL6,pg/mL,N,1.500000,17384.000000,340.910860215054,pg/mL(558),N(558),1.500000(558),17384.000000(558),340.910860215054(558),LOINC,49732-1,Interleukin 6 [Mass/volume] in Body fluid,pg/mL,Qn
ES_HM_LABCODE,INFAG___INFAG,null,N,0.000000,6.720000,0.988743718592965,null(199),N(199),0.000000(199),6.720000(199),0.988743718592965(199),LOINC,43837-4,Influenza virus A IgG Ab [Presence] in Serum,,Ord
ES_HM_LABCODE,INFAM___INFAM,null,N,0.000000,1.610000,0.0306735751295337,null(193);null(4),N(193);T(4),0.000000(193);null(4),1.610000(193);null(4),0.0306735751295337(193);null(4),LOINC,43838-2,Influenza virus A IgM Ab [Presence] in Serum,,Ord
ES_HM_LABCODE,INFBG___INFBG,null,N,0.000000,7.500000,1.24748633879781,null(183),N(183),0.000000(183),7.500000(183),1.24748633879781(183),LOINC,43839-0,Influenza virus B IgG Ab [Presence] in Serum,,Ord
ES_HM_LABCODE,INFBM___INFBM,null,N,0.000000,3.390000,0.0643093922651934,null(181);null(2),N(181);T(2),0.000000(181);null(2),3.390000(181);null(2),0.0643093922651934(181);null(2),LOINC,43840-8,Influenza virus B IgM Ab [Presence] in Serum,,Ord
ES_HM_LABCODE,INR___INR,null,N,0.180000,97.000000,1.24403704157403,null(383677);null(16),N(383677);T(16),0.180000(383677);null(16),97.000000(383677);null(16),1.24403704157403(383677);null(16),LOINC,34714-6,INR in Blood by Coagulation assay,INR,Qn
ES_HM_LABCODE,INRCAP___INRCAP,null,N,1.100000,5.800000,2.77692307692308,null(13),N(13),1.100000(13),5.800000(13),2.77692307692308(13),LOINC,46418-0,INR in Capillary blood by Coagulation assay,,Qn
ES_HM_LABCODE,K___K,mmol/L,N,0.200000,30.000000,4.20987738291564,mmol/L(585155);mmol/L(61);null(3),N(585155);T(61);T(3),0.200000(585155);null(61);null(3),30.000000(585155);null(61);null(3),4.20987738291564(585155);null(61);null(3),LOINC,6298-4,Potassium [Moles/volume] in Blood,mmol/L,Qn
ES_HM_LABCODE,KAPPA___KAPPA,mg/dL,N,2.080000,968.000000,239.729337748344,mg/dL(453),N(453),2.080000(453),968.000000(453),239.729337748344(453),LOINC,11050-2,Kappa light chains [Mass/volume] in Serum or Plasma,g/L;mcg/mL; mg/dL,Qn
ES_HM_LABCODE,KAPPAOR___KAPPAOR,mg/(24.h),N,2.900000,16578.000000,162.373333333333,mg/(24.h)(450);mg/(24.h)(4),N(450);T(4),2.900000(450);null(4),16578.000000(450);null(4),162.373333333333(450);null(4),LOINC,25682-6,Kappa light chains [Mass/time] in 24 hour Urine,g/24 H,Qn
ES_HM_LABCODE,KAPPLIB___KAPPLIB,mg/dL,N,0.440000,20.940000,8.364,mg/dL(15),N(15),0.440000(15),20.940000(15),8.364(15),LOINC,36916-5,Kappa light chains.free [Mass/volume] in Serum,mg/L,Qn
ES_HM_LABCODE,LAC___LAC,mmol/L,N,0.100000,125.600000,1.78477040836582,mmol/L(251882);mmol/L(3);null(2),N(251882);T(3);T(2),0.100000(251882);null(3);null(2),125.600000(251882);null(3);null(2),1.78477040836582(251882);null(3);null(2),LOINC,32693-4,Lactate [Moles/volume] in Blood,mmol/L,Qn
ES_HM_LABCODE,LAMBDA___LAMBDA,mg/dL,N,0.450000,750.000000,127.408344370861,mg/dL(453),N(453),0.450000(453),750.000000(453),127.408344370861(453),LOINC,11051-0,Lambda light chains [Mass/volume] in Serum or Plasma,g/L;mcg/mL; mg/dL,Qn
ES_HM_LABCODE,LAMBDAOR___LAMBDAOR,mg/(24.h),N,1.100000,11300.000000,109.658035714286,mg/(24.h)(448);mg/(24.h)(6),N(448);T(6),1.100000(448);null(6),11300.000000(448);null(6),109.658035714286(448);null(6),LOINC,25684-2,Lambda light chains [Mass/time] in 24 hour Urine,mg/24 H,Qn
ES_HM_LABCODE,LAMBLIB___LAMBLIB,mg/dL,N,0.460000,6.830000,2.53466666666667,mg/dL(15),N(15),0.460000(15),6.830000(15),2.53466666666667(15),LOINC,33944-0,Lambda light chains.free [Mass/volume] in Serum or Plasma,mg/L,Qn
ES_HM_LABCODE,LDH___LDH,U/L,N,-4.000000,96400.000000,495.8936136708,U/L(298973);U/L(2);null(1),N(298973);T(2);T(1),-4.000000(298973);null(2);null(1),96400.000000(298973);null(2);null(1),495.8936136708(298973);null(2);null(1),LOINC,2532-0,Lactate dehydrogenase [Enzymatic activity/volume] in Serum or Plasma,arb U/L,Qn
ES_HM_LABCODE,LDL___LDL,mg/dL,N,6.560000,360.900000,92.6027172918573,mg/dL(4372);mg/dL(1),N(4372);T(1),6.560000(4372);null(1),360.900000(4372);null(1),92.6027172918573(4372);null(1),LOINC,2089-1,Cholesterol in LDL [Mass/volume] in Serum or Plasma,mg/dL,Qn
ES_HM_LABCODE,LH___LH,m[IU]/mL,N,0.100000,110.300000,11.4089814814815,m[IU]/mL(432),N(432),0.100000(432),110.300000(432),11.4089814814815(432),LOINC,10501-5,Lutropin [Units/volume] in Serum or Plasma,mIU/mL,Qn
ES_HM_LABCODE,LIPASA___LIPASA,U/L,N,1.600000,79620.000000,259.023293754453,U/L(4211);U/L(1),N(4211);T(1),1.600000(4211);null(1),79620.000000(4211);null(1),259.023293754453(4211);null(1),LOINC,3040-3,Lipase [Enzymatic activity/volume] in Serum or Plasma,arb U/L,Qn
ES_HM_LABCODE,MALB24___MALB24,mg/(24.h),N,0.650000,36360.000000,691.947574123989,mg/(24.h)(371),N(371),0.650000(371),36360.000000(371),691.947574123989(371),LOINC,14956-7,Microalbumin [Mass/time] in 24 hour Urine,ug/24 H,Qn
ES_HM_LABCODE,MALB24C___MALB24C,mg/dL,N,0.000000,1616.000000,33.1192443324937,mg/dL(397),N(397),0.000000(397),1616.000000(397),33.1192443324937(397),LOINC,30003-8,Microalbumin [Mass/volume] in 24 hour Urine,mg/L;mcg/mL,Qn
ES_HM_LABCODE,MG___MG,mg/dL,N,0.050000,65.380000,2.02422429131925,mg/dL(221997);mg/dL(2),N(221997);T(2),0.050000(221997);null(2),65.380000(221997);null(2),2.02422429131925(221997);null(2),LOINC,21377-7,Magnesium [Mass/volume] in Blood,mg/dL,Qn
ES_HM_LABCODE,MICALB___MICALB,mg/dL,N,0.100000,1592.000000,32.7830984340045,mg/dL(894),N(894),0.100000(894),1592.000000(894),32.7830984340045(894),LOINC,14957-5,Microalbumin [Mass/volume] in Urine,mg/L;mcg/mL; mg/dL,Qn
ES_HM_LABCODE,MICALB24C___MICALB24C,mg/dL,N,0.140000,164.410000,18.718,mg/dL(10),N(10),0.140000(10),164.410000(10),18.718(10),LOINC,30003-8,Microalbumin [Mass/volume] in 24 hour Urine,mg/L;mcg/mL,Qn
ES_HM_LABCODE,MICROALB24___MICROALB24,mg/(24.h),N,3.360000,1808.510000,313.551428571429,mg/(24.h)(7),N(7),3.360000(7),1808.510000(7),313.551428571429(7),LOINC,14956-7,Microalbumin [Mass/time] in 24 hour Urine,ug/24 H,Qn
ES_HM_LABCODE,NA___NA,mmol/L,N,20.000000,297.000000,138.746123868909,mmol/L(582955);mmol/L(18),N(582955);T(18),20.000000(582955);null(18),297.000000(582955);null(18),138.746123868909(582955);null(18),LOINC,2947-0,Sodium [Moles/volume] in Blood,mmol/L,Qn
ES_HM_LABCODE,PARAINFG___PARAINFG,null,N,0.000000,4.810000,2.24220338983051,null(59),N(59),0.000000(59),4.810000(59),2.24220338983051(59),LOINC,38400-8,Parainfluenza virus 1+2+3 Ab [Presence] in Serum,,Ord
ES_HM_LABCODE,PARAINFM___PARAINFM,null,N,0.000000,3.300000,0.135344827586207,null(58);null(2),N(58);T(2),0.000000(58);null(2),3.300000(58);null(2),0.135344827586207(58);null(2),LOINC,70017-9,Parainfluenza virus 1+2+3+4 IgM Ab [Presence] in Serum by Immunoassay,,Ord
ES_HM_LABCODE,PCR___PCR,mg/L,N,0.010000,5149.120000,67.8132929430755,mg/L(404553);mg/L(2),N(404553);T(2),0.010000(404553);null(2),5149.120000(404553);null(2),67.8132929430755(404553);null(2),LOINC,1988-5,C reactive protein [Mass/volume] in Serum or Plasma,mg/L;mcg/mL; mg/dL,Qn
ES_HM_LABCODE,PCRUS___PCRUS,mg/L,N,0.210000,268.160000,52.4263636363636,mg/L(11),N(11),0.210000(11),268.160000(11),52.4263636363636(11),LOINC,71426-1,C reactive protein [Mass/volume] in Blood by High sensitivity method,mg/L,Qn
ES_HM_LABCODE,PEPC___PEPC,ng/mL,N,0.010000,22.200000,2.1472256097561,ng/mL(328),N(328),0.010000(328),22.200000(328),2.1472256097561(328),LOINC,1986-9,C peptide [Mass/volume] in Serum or Plasma,ug/L;ng/mL,Qn
ES_HM_LABCODE,PLAQCIT___PLAQCIT,10*3/uL,N,1.000000,339.000000,75.209306518724,10*3/uL(721);10*3/uL(2),N(721);T(2),1.000000(721);null(2),339.000000(721);null(2),75.209306518724(721);null(2),LOINC,26515-7,Platelets [#/volume] in Blood,10*3/mm3,Qn
ES_HM_LABCODE,POCGLU___POCGLU,mg/dL,N,16.000000,541.000000,140.44118895966,mg/dL(942);mg/dL(2),N(942);T(2),16.000000(942);null(2),541.000000(942);null(2),140.44118895966(942);null(2),LOINC,2344-0,Glucose [Mass/volume] in Body fluid,mg/dL,Qn
ES_HM_LABCODE,PREALB___PREALB,mg/dL,N,2.000000,55.220000,16.284020979021,mg/dL(858),N(858),2.000000(858),55.220000(858),16.284020979021(858),LOINC,14338-8,Prealbumin [Mass/volume] in Serum or Plasma,g/L;mg/dL,Qn
ES_HM_LABCODE,PROBNP___PROBNP,pg/mL,N,5.000000,105928.000000,5350.50276645832,pg/mL(12319);pg/mL(1),N(12319);T(1),5.000000(12319);null(1),105928.000000(12319);null(1),5350.50276645832(12319);null(1),LOINC,33762-6,Natriuretic peptide.B prohormone N-Terminal [Mass/volume] in Serum or Plasma,pg/mL,Qn
ES_HM_LABCODE,PROCAL___PROCAL,ng/mL,N,0.020000,229.600000,3.57163446083509,ng/mL(27997);ng/mL(2),N(27997);T(2),0.020000(27997);null(2),229.600000(27997);null(2),3.57163446083509(27997);null(2),LOINC,33959-8,Procalcitonin [Mass/volume] in Serum or Plasma,ng/mL,Qn
ES_HM_LABCODE,PSA___PSA,ng/mL,N,0.030000,5000.000000,24.4710071464185,ng/mL(6017),N(6017),0.030000(6017),5000.000000(6017),24.4710071464185(6017),LOINC,2857-1,Prostate specific Ag [Mass/volume] in Serum or Plasma,ug/L;ng/mL,Qn
ES_HM_LABCODE,PSAL___PSAL,ng/mL,N,0.010000,50.000000,1.3779347826087,ng/mL(92),N(92),0.010000(92),50.000000(92),1.3779347826087(92),LOINC,10886-0,Prostate Specific Ag Free [Mass/volume] in Serum or Plasma,ug/L;ng/mL,Qn
ES_HM_LABCODE,PT___PT,g/dL,N,0.700000,188.500000,5.65034796712997,g/dL(111591),N(111591),0.700000(111591),188.500000(111591),5.65034796712997(111591),LOINC,2885-2,Protein [Mass/volume] in Serum or Plasma,g/L;g/dL,Qn
ES_HM_LABCODE,PT24___PT24,mg/(24.h),N,0.090000,23168.390000,880.606974617394,mg/(24.h)(5358),N(5358),0.090000(5358),23168.390000(5358),880.606974617394(5358),LOINC,2889-4,Protein [Mass/time] in 24 hour Urine,g/24 H,Qn
ES_HM_LABCODE,PT24C___PT24C,mg/dL,N,0.390000,2091.500000,52.1345855738921,mg/dL(5393),N(5393),0.390000(5393),2091.500000(5393),52.1345855738921(5393),LOINC,21482-5,Protein [Mass/volume] in 24 hour Urine,g/L;mg/dL,Qn
ES_HM_LABCODE,PTGOR___PTGOR,null,T,null,null,null,null(476);null(149),T(476);N(149),null(476);0.000000(149),null(476);0.000000(149),null(476);0(149),LOINC,50749-1,Protein [Interpretation] in Urine,,Nom
ES_HM_LABCODE,PTH___PTH,pg/mL,N,1.200000,1939.000000,76.7529603255341,pg/mL(1966);pg/mL(3),N(1966);T(3),1.200000(1966);null(3),1939.000000(1966);null(3),76.7529603255341(1966);null(3),LOINC,2731-8,Parathyrin.intact [Mass/volume] in Serum or Plasma,ng/L;pg/mL,Qn
ES_HM_LABCODE,PTHIN___PTHIN,pg/mL,N,1.000000,616.800000,74.1942857142857,pg/mL(924),N(924),1.000000(924),616.800000(924),74.1942857142857(924),LOINC,2731-8,Parathyrin.intact [Mass/volume] in Serum or Plasma,ng/L;pg/mL,Qn
ES_HM_LABCODE,PTOR___PTOR,mg/dL,N,0.550000,3765.000000,94.5676944444445,mg/dL(720),N(720),0.550000(720),3765.000000(720),94.5676944444445(720),LOINC,2888-6,Protein [Mass/volume] in Urine,g/L;mg/dL,Qn
ES_HM_LABCODE,RESOLIL___RESOLIL,U/mL,N,86.000000,7500.000000,2518.86259541985,U/mL(131),N(131),86.000000(131),7500.000000(131),2518.86259541985(131),LOINC,9654-5,Interleukin 2 Receptor Soluble [Units/volume] in Serum or Plasma,arb U/mL,Qn
ES_HM_LABCODE,RNAGRIPEA___RNAGRIPEA,null,N,0.000000,0.000000,0,null(36);null(17),N(36);T(17),0.000000(36);null(17),0.000000(36);null(17),0(36);null(17),LOINC,55465-9,Influenza virus A H1 2009 pandemic RNA [Presence] in Specimen by NAA with probe detection,,Ord
ES_HM_LABCODE,RSIL2___RSIL2,ng/mL,N,10.500000,30.000000,23.5,ng/mL(3),N(3),10.500000(3),30.000000(3),23.5(3),LOINC,76039-7,Interleukin 2 Receptor Soluble [Mass/volume] in Serum or Plasma,pg/mL,Qn
ES_HM_LABCODE,SINTROM___SINTROM,null,N,0.960000,7.130000,2.56393939393939,null(33),N(33),0.960000(33),7.130000(33),2.56393939393939(33),LOINC,34714-6,INR in Blood by Coagulation assay,INR,Qn
ES_HM_LABCODE,SISHEM___ADW,%,N,0.000000,100.400000,14.0282711654227,%(637065);null(3178);%(2202),N(637065);T(3178);T(2202),0.000000(637065);null(3178);null(2202),100.400000(637065);null(3178);null(2202),14.0282711654227(637065);null(3178);null(2202),LOINC,30385-9,Erythrocyte distribution width [Ratio],%,Qn
ES_HM_LABCODE,SISHEM___BAS,10*3/uL,N,0.000000,42.200000,0.0346427304188711,10*3/uL(628475);null(380);10*3/uL(357),N(628475);T(380);T(357),0.000000(628475);null(380);null(357),42.200000(628475);null(380);null(357),0.0346427304188711(628475);null(380);null(357),LOINC,26444-0,Basophils [#/volume] in Blood,10*3/mm3,Qn
ES_HM_LABCODE,SISHEM___BAS%,%,N,0.000000,66.700000,0.400494675101729,%(629120);null(391);%(357),N(629120);T(391);T(357),0.000000(629120);null(391);null(357),66.700000(629120);null(391);null(357),0.400494675101729(629120);null(391);null(357),LOINC,30180-4,Basophils/100 leukocytes in Blood,%,Qn
ES_HM_LABCODE,SISHEM___CHCM,g/dL,N,0.000000,623.800000,33.378580110762,g/dL(646973);null(1);g/dL(1),N(646973);T(1);T(1),0.000000(646973);null(1);null(1),623.800000(646973);null(1);null(1),33.378580110762(646973);null(1);null(1),LOINC,28540-3,MCHC [Mass/volume],g/dL,Qn
ES_HM_LABCODE,SISHEM___EOS,10*3/uL,N,0.000000,28.060000,0.158646010520392,10*3/uL(636098);null(394);10*3/uL(359),N(636098);T(394);T(359),0.000000(636098);null(394);null(359),28.060000(636098);null(394);null(359),0.158646010520392(636098);null(394);null(359),LOINC,26449-9,Eosinophils [#/volume] in Blood,/uL,Qn
ES_HM_LABCODE,SISHEM___EOS%,%,N,0.000000,74.900000,1.96113295444544,%(636248);null(405);%(359),N(636248);T(405);T(359),0.000000(636248);null(405);null(359),74.900000(636248);null(405);null(359),1.96113295444544(636248);null(405);null(359),LOINC,26450-7,Eosinophils/100 leukocytes in Blood,%,Qn
ES_HM_LABCODE,SISHEM___HCM,pg,N,0.000000,600.000000,29.8183783193381,pg(645460);null(1),N(645460);T(1),0.000000(645460);null(1),600.000000(645460);null(1),29.8183783193381(645460);null(1),LOINC,28539-5,MCH [Entitic mass],pg,Qn
ES_HM_LABCODE,SISHEM___HCTO,%,N,0.000000,76.000000,33.4554959585263,%(650629),N(650629),0.000000(650629),76.000000(650629),33.4554959585263(650629),LOINC,20570-8,Hematocrit [Volume Fraction] of Blood,%,Qn
ES_HM_LABCODE,SISHEM___HEM,10*6/uL,N,0.000000,402.000000,3.76357266798944,10*6/uL(650651),N(650651),0.000000(650651),402.000000(650651),3.76357266798944(650651),LOINC,789-8,Erythrocytes [#/volume] in Blood by Automated count,10*12/L,Qn
ES_HM_LABCODE,SISHEM___HGB,g/dL,N,0.000000,27.500000,11.173758564563,g/dL(648165),N(648165),0.000000(648165),27.500000(648165),11.173758564563(648165),LOINC,718-7,Hemoglobin [Mass/volume] in Blood,g/dL,Qn
ES_HM_LABCODE,SISHEM___LEUC,10*3/uL,N,0.000000,2044.000000,9.65597746017078,10*3/uL(651469);10*3/uL(3),N(651469);T(3),0.000000(651469);null(3),2044.000000(651469);null(3),9.65597746017078(651469);null(3),LOINC,26464-8,Leukocytes [#/volume] in Blood,/uL,Qn
ES_HM_LABCODE,SISHEM___LIN,10*3/uL,N,0.000000,553.850000,1.55936715701823,10*3/uL(649466);10*3/uL(509);null(395),N(649466);T(509);T(395),0.000000(649466);null(509);null(395),553.850000(649466);null(509);null(395),1.55936715701823(649466);null(509);null(395),LOINC,26474-7,Lymphocytes [#/volume] in Blood,/uL,Qn
ES_HM_LABCODE,SISHEM___LIN%,%,N,0.000000,100.000000,18.6838642616419,%(649529);%(509);null(406),N(649529);T(509);T(406),0.000000(649529);null(509);null(406),100.000000(649529);null(509);null(406),18.6838642616419(649529);null(509);null(406),LOINC,26478-8,Lymphocytes/100 leukocytes in Blood,%,Qn
ES_HM_LABCODE,SISHEM___MONO,10*3/uL,N,0.000000,477.940000,0.805512575306195,10*3/uL(648851);10*3/uL(424);null(394),N(648851);T(424);T(394),0.000000(648851);null(424);null(394),477.940000(648851);null(424);null(394),0.805512575306195(648851);null(424);null(394),LOINC,26484-6,Monocytes [#/volume] in Blood,10*3/mm3,Qn
ES_HM_LABCODE,SISHEM___MONO%,%,N,0.000000,185.270000,8.61385306509926,%(648886);%(424);null(405),N(648886);T(424);T(405),0.000000(648886);null(424);null(405),185.270000(648886);null(424);null(405),8.61385306509926(648886);null(424);null(405),LOINC,26485-3,Monocytes/100 leukocytes in Blood,%,Qn
ES_HM_LABCODE,SISHEM___NEU,10*3/uL,N,0.000000,410.690000,7.07593685593173,10*3/uL(650164);10*3/uL(568);null(445),N(650164);T(568);T(445),0.000000(650164);null(568);null(445),410.690000(650164);null(568);null(445),7.07593685593173(650164);null(568);null(445),LOINC,26499-4,Neutrophils [#/volume] in Blood,10*3/mm3,Qn
ES_HM_LABCODE,SISHEM___NEU%,%,N,0.000000,804.000000,70.349941683648,%(649732);%(568);null(456),N(649732);T(568);T(456),0.000000(649732);null(568);null(456),804.000000(649732);null(568);null(456),70.349941683648(649732);null(568);null(456),LOINC,26511-6,Neutrophils/100 leukocytes in Blood,%,Qn
ES_HM_LABCODE,SISHEM___PLAQ,10*3/uL,N,0.000000,4602.000000,226.528460180475,10*3/uL(650284);null(2);10*3/uL(1),N(650284);T(2);T(1),0.000000(650284);null(2);null(1),4602.000000(650284);null(2);null(1),226.528460180475(650284);null(2);null(1),LOINC,26515-7,Platelets [#/volume] in Blood,10*3/mm3,Qn
ES_HM_LABCODE,SISHEM___SISHEM,null,T,null,null,null,null(2),T(2),null(2),null(2),null(2),LOINC,58410-2,CBC panel - Blood by Automated count,,-
ES_HM_LABCODE,SISHEM___VCM,fL,N,15.800000,172.700000,89.3162848957097,fL(648862);null(1),N(648862);T(1),15.800000(648862);null(1),172.700000(648862);null(1),89.3162848957097(648862);null(1),LOINC,30428-7,MCV [Entitic volume],fL,Qn
ES_HM_LABCODE,SISHEM___VPM,fL,N,0.150000,108.000000,10.5010901555659,fL(627837);null(7982);fL(6951),N(627837);T(7982);T(6951),0.150000(627837);null(7982);null(6951),108.000000(627837);null(7982);null(6951),10.5010901555659(627837);null(7982);null(6951),LOINC,28542-9,Platelet mean volume [Entitic volume] in Blood,fL,Qn
ES_HM_LABCODE,SSA___SSA,null,N,0.000000,327.000000,7.88658823529412,null(425);null(5),N(425);T(5),0.000000(425);null(5),327.000000(425);null(5),7.88658823529412(425);null(5),LOINC,17792-3,Sjogrens syndrome-A extractable nuclear Ab [Units/volume] in Serum,Index; units/mL,Qn
ES_HM_LABCODE,SSB___SSB,null,N,0.000000,374.000000,3.84602409638554,null(415);null(4),N(415);T(4),0.000000(415);null(4),374.000000(415);null(4),3.84602409638554(415);null(4),LOINC,17791-5,Sjogrens syndrome-B extractable nuclear Ab [Units/volume] in Serum,Index; units/mL,Qn
ES_HM_LABCODE,T3___T3,ng/mL,N,0.190000,6.510000,0.836775778711263,ng/mL(12617),N(12617),0.190000(12617),6.510000(12617),0.836775778711263(12617),LOINC,3053-6,Triiodothyronine (T3) [Mass/volume] in Serum or Plasma,ng/dL; ng/mL,Qn
ES_HM_LABCODE,T4___T4,ug/dL,N,0.420000,24.900000,7.28553210375777,ug/dL(10139),N(10139),0.420000(10139),24.900000(10139),7.28553210375777(10139),LOINC,3025-4,Thyroxine (T4) [Mass/volume] in Blood,ug/mL,Qn
ES_HM_LABCODE,T4L___T4L,ng/dL,N,0.020000,7.770000,1.32347676474302,ng/dL(31676),N(31676),0.020000(31676),7.770000(31676),1.32347676474302(31676),LOINC,3024-7,Thyroxine (T4) free [Mass/volume] in Serum or Plasma,ng/dL,Qn
ES_HM_LABCODE,TP___TP,s,N,1.900000,317.700000,13.9893794864446,s(383795);s(22);null(1),N(383795);T(22);T(1),1.900000(383795);null(22);null(1),317.700000(383795);null(22);null(1),13.9893794864446(383795);null(22);null(1),LOINC,5902-2,Prothrombin time (PT),s,Qn
ES_HM_LABCODE,TRANS___TRANS,mg/dL,N,18.000000,510.000000,195.414924025876,mg/dL(6647),N(6647),18.000000(6647),510.000000(6647),195.414924025876(6647),LOINC,3034-6,Transferrin [Mass/volume] in Serum or Plasma,g/L;mg/dL,Qn
ES_HM_LABCODE,TRIGLI___TRIGLI,mg/dL,N,1.600000,6871.200000,136.353411954946,mg/dL(35868);mg/dL(1),N(35868);T(1),1.600000(35868);null(1),6871.200000(35868);null(1),136.353411954946(35868);null(1),LOINC,3043-7,Triglyceride [Mass/volume] in Blood,mg/dL,Qn
ES_HM_LABCODE,TRIGLIL___TRIGLIL,mg/dL,N,0.600000,8040.000000,333.816587301587,mg/dL(252),N(252),0.600000(252),8040.000000(252),333.816587301587(252),LOINC,12228-3,Triglyceride [Mass/volume] in Body fluid,mg/dL,Qn
ES_HM_LABCODE,TROPO___TROPO,ng/L,N,0.000000,75076.000000,461.914240195265,ng/L(60226);null(3);ng/L(1),N(60226);N(3);T(1),0.000000(60226);0.000000(3);null(1),75076.000000(60226);0.000000(3);null(1),461.914240195265(60226);0(3);null(1),LOINC,10839-9,Troponin I.cardiac [Mass/volume] in Serum or Plasma,ug/L;ng/mL,Qn
ES_HM_LABCODE,TSH___TSH,u[IU]/mL,N,0.010000,721.900000,4.397976254121,u[IU]/mL(44892);u[IU]/mL(1),N(44892);T(1),0.010000(44892);null(1),721.900000(44892);null(1),4.397976254121(44892);null(1),LOINC,3015-5,Thyrotropin [Units/volume] in Blood,mIU/L,Qn
ES_HM_LABCODE,U___U,mg/dL,N,0.100000,1442.500000,49.1384036932312,mg/dL(546405);mg/dL(1),N(546405);T(1),0.100000(546405);null(1),1442.500000(546405);null(1),49.1384036932312(546405);null(1),LOINC,20977-5,Urea [Mass/volume] in Blood,mg/dL,Qn
ES_HM_LABCODE,VHBDNA___VHBDNA,null,N,0.000000,0.000000,0,null(74);null(14),N(74);T(14),0.000000(74);null(14),0.000000(74);null(14),0(74);null(14),LOINC,5009-6,Hepatitis B virus DNA [Presence] in Specimen by NAA with probe detection,,Ord
ES_HM_LABCODE,VHBEAC___VHBEAC,null,N,0.000000,10.000000,1.28810810810811,null(37),N(37),0.000000(37),10.000000(37),1.28810810810811(37),LOINC,39006-2,Hepatitis B virus e Ab [Presence] in Body fluid,,Ord
ES_HM_LABCODE,VHBEAG___VHBEAG,null,N,0.000000,10.000000,0.376842105263158,null(38);null(1),N(38);T(1),0.000000(38);null(1),10.000000(38);null(1),0.376842105263158(38);null(1),LOINC,39007-0,Hepatitis B virus e Ag [Presence] in Specimen,,Ord
ES_HM_LABCODE,VHBSAC___VHBSAC,[IU]/L,N,0.000000,1000.000000,102.173080590447,[IU]/L(10907);[IU]/L(1),N(10907);T(1),0.000000(10907);null(1),1000.000000(10907);null(1),102.173080590447(10907);null(1),LOINC,16935-9,Hepatitis B virus surface Ab [Units/volume] in Serum,mIU/mL,Qn
ES_HM_LABCODE,VHBSAG___VHBSAG,{IC},N,0.000000,10666.000000,23.1842554236594,{IC}(12215);null(3);{IC}(2),N(12215);N(3);T(2),0.000000(12215);0.000000(3);null(2),10666.000000(12215);0.000000(3);null(2),23.1842554236594(12215);0(3);null(2),LOINC,58452-4,Hepatitis B virus surface Ag [Units/volume] in Serum,arb U/mL,Qn
ES_HM_LABCODE,VHCAC___VHCAC,{IC},N,0.000000,0.040000,6.6417600664176e-06,{IC}(12045);{IC}(308),N(12045);T(308),0.000000(12045);null(308),0.040000(12045);null(308),6.6417600664176e-06(12045);null(308),LOINC,22327-1,Hepatitis C virus Ab [Units/volume] in Serum,,Qn
ES_HM_LABCODE,VHCBLOT___VHCBLOT,null,T,null,null,null,null(36);null(14),T(36);N(14),null(36);0.000000(14),null(36);0.000000(14),null(36);0(14),LOINC,39008-8,Hepatitis C virus Ab [Presence] in Body fluid by Immunoblot,,Ord
ES_HM_LABCODE,VHCCARGA___VHCCARGA,[IU]/mL,N,0.000000,0.000000,0,[IU]/mL(132);[IU]/mL(41),N(132);T(41),0.000000(132);null(41),0.000000(132);null(41),0(132);null(41),LOINC,29609-5,Hepatitis C virus RNA [Units/volume] (viral load) in Serum or Plasma by Probe with signal amplification,IU/mL,Qn
ES_HM_LABCODE,VHCGEN___VHCGEN,null,T,null,null,null,null(7);null(1),T(7);N(1),null(7);2.000000(1),null(7);2.000000(1),null(7);2(1),LOINC,32286-7,Hepatitis C virus genotype [Identifier] in Serum or Plasma by NAA with probe detection,,Nom
ES_HM_LABCODE,VHCRNA___VHCRNA,null,N,0.000000,0.000000,0,null(104);[IU]/mL(64);[IU]/mL(6);null(5),N(104);N(64);T(6);T(5),0.000000(104);0.000000(64);null(6);null(5),0.000000(104);0.000000(64);null(6);null(5),0(104);0(64);null(6);null(5),LOINC,5012-0,Hepatitis C virus RNA [Presence] in Specimen by NAA with probe detection,,Ord
ES_HM_LABCODE,VIHAC___VIHAC,{IC},N,0.000000,0.260000,2.80461202866937e-05,{IC}(12836);{IC}(144),N(12836);T(144),0.000000(12836);null(144),0.260000(12836);null(144),2.80461202866937e-05(12836);null(144),LOINC,48346-1,HIV 1+O+2 Ab [Units/volume] in Serum or Plasma,,Qn
ES_HM_LABCODE,VIHCARGA___VIHCARGA,[IU]/mL,N,0.000000,0.000000,0,[IU]/mL(51);[IU]/mL(46),N(51);T(46),0.000000(51);null(46),0.000000(51);null(46),0(51);null(46),LOINC,10351-5,HIV 1 RNA [Units/volume] (viral load) in Serum or Plasma by Probe with amplification,IU/mL,Qn
ES_HM_LABCODE,VIHWB___VIHWB,null,N,0.000000,0.000000,0,null(35);null(33),N(35);T(33),0.000000(35);null(33),0.000000(35);null(33),0(35);null(33),LOINC,44873-8,HIV 1+2 Ab [Presence] in Serum by Immunoblot,,Ord
ES_HM_LABCODE,VIRUSRES___VIRUSRES,null,T,null,null,null,null(9),T(9),null(9),null(9),null(9),LOINC,50548-7,Respiratory virus DNA+RNA [Identifier] in Specimen by NAA with probe detection,,Nom
ES_HM_LABCODE,VIRUSRES1___Resultado,null,T,null,null,null,null(2938);null(1748),T(2938);N(1748),null(2938);0.000000(1748),null(2938);0.000000(1748),null(2938);0(1748),LOINC,50548-7,Respiratory virus DNA+RNA [Identifier] in Specimen by NAA with probe detection,,Nom
ES_HM_LABCODE,VITB12___VITB12,pg/mL,N,30.000000,4000.000000,573.401965695532,pg/mL(32299),N(32299),30.000000(32299),4000.000000(32299),573.401965695532(32299),LOINC,16695-9,Cobalamin (Vitamin B12) [Mass/volume] in Blood,pg/mL,Qn
ES_HM_LABCODE,VITD___VITD,ng/mL,N,3.000000,100.000000,21.3721021244875,ng/mL(2683),N(2683),3.000000(2683),100.000000(2683),21.3721021244875(2683),LOINC,1989-3,25-hydroxyvitamin D3 [Mass/volume] in Serum or Plasma,ng/mL,Qn
ES_HM_LABCODE,VITD125___VITD125,pg/mL,N,6.730000,125.000000,41.8960714285714,pg/mL(56),N(56),6.730000(56),125.000000(56),41.8960714285714(56),LOINC,62290-2,"1,25-Dihydroxyvitamin D [Mass/volume] in Serum or Plasma",pg/mL,Qn
ES_HM_LABCODE,VLDL___VLDL,mg/dL,N,2.600000,118.400000,23.5135403726708,mg/dL(322),N(322),2.600000(322),118.400000(322),23.5135403726708(322),LOINC,2091-7,Cholesterol in VLDL [Mass/volume] in Serum or Plasma,mg/dL,Qn
ES_HM_LABCODE,VRS___VRS,null,N,0.000000,1.000000,0.234192037470726,null(1281),N(1281),0.000000(1281),1.000000(1281),0.234192037470726(1281),LOINC,72885-7,Respiratory syncytial virus Ag [Presence] in Nasopharynx by Rapid immunoassay,,Ord
ES_HM_LABCODE,VSG___VSG,mm/h,N,0.000000,222.000000,45.6610005594182,mm/h(37539);mm/h(10),N(37539);T(10),0.000000(37539);null(10),222.000000(37539);null(10),45.6610005594182(37539);null(10),LOINC,30341-2,Erythrocyte sedimentation rate,mm/h,Qn
